CREATE DATABASE Bank;
USE Bank;

CREATE TABLE Customers (
    CustomerID INT PRIMARY KEY,
    FullName VARCHAR(100),
    Email VARCHAR(60),
    Phone VARCHAR(20),
    Address VARCHAR(100),
    Date_Of_Birth DATE
);

CREATE TABLE Accounts (
    AccountID INT PRIMARY KEY,
    CustomerID INT,
    AccountType VARCHAR(30),
    Balance NUMERIC,
    Status VARCHAR(50),
    FOREIGN KEY (CustomerID) REFERENCES Customers(CustomerID)
);

CREATE TABLE Transactions (
    TransactionID INT PRIMARY KEY,
    AccountID INT,
    TransactionDate DATE,
    Amount NUMERIC,
    TransactionType VARCHAR(50),
    FOREIGN KEY (AccountID) REFERENCES Accounts(AccountID)
);

CREATE TABLE Loans (
    LoanID INT PRIMARY KEY,
    CustomerID INT,
    LoanType VARCHAR(50),
    Amount NUMERIC,
    Status VARCHAR(50),
    StartDate DATE,
    EndDate DATE,
    FOREIGN KEY (CustomerID) REFERENCES Customers(CustomerID)
);

CREATE TABLE LoanPayments (
    PaymentID INT PRIMARY KEY,
    LoanID INT,
    PaymentDate DATE,
    AmountPaid NUMERIC,
    FOREIGN KEY (LoanID) REFERENCES Loans(LoanID)
);

CREATE TABLE Cards (
    CardID INT PRIMARY KEY,
    AccountID INT,
    CardType VARCHAR(50),
    ExpiryDate DATE,
    FOREIGN KEY (AccountID) REFERENCES Accounts(AccountID)
);
CREATE TABLE Branches (
	BranchID INT PRIMARY KEY,
    BranchName VARCHAR(50),
    Location VARCHAR(300)
);
CREATE TABLE Employees (
    EmployeeID INT PRIMARY KEY,
    BranchID INT,
    FullName VARCHAR(50),
    Position VARCHAR(50),
    HireDate DATE,
    FOREIGN KEY (BranchID) REFERENCES Branches(BranchID)
);

CREATE TABLE Services (
    ServiceID INT PRIMARY KEY,
    ServiceName VARCHAR(50),
    Description VARCHAR(300)
);

CREATE TABLE Customer_Services (
    CustomerID INT,
    ServiceID INT,
    SubscriptionDate DATE,
    PRIMARY KEY (CustomerID, ServiceID),
    FOREIGN KEY (CustomerID) REFERENCES Customers(CustomerID),
    FOREIGN KEY (ServiceID) REFERENCES Services(ServiceID)
);

CREATE TABLE Employees_Customers (
    EmployeeID INT,
    CustomerID INT,
    RelationshipType VARCHAR(50),
    StartDate DATE,
    PRIMARY KEY (EmployeeID, CustomerID),
    FOREIGN KEY (EmployeeID) REFERENCES Employees(EmployeeID),
    FOREIGN KEY (CustomerID) REFERENCES Customers(CustomerID)
);

INSERT INTO Customers (CustomerID, FullName, Email, Phone, Address, Date_Of_Birth) VALUES
    (1, 'Allison Hill', 'jillrhodes@miller.com', '+201686579303', '386 Shane Harbors, Port Lindachester, KY 20880', '1969-04-02'),
    (2, 'Gabrielle Davis', 'melanie94@blair.com', NULL, 'Unit 6184 Box 9593, DPO AP 09617', '1957-09-19'),
    (3, 'Patricia Galloway', 'jamesshawn@martin-kelly.com', '+201026855092', '283 Steven Groves, Lake Mark, WI 07832', '1970-03-10'),
    (4, 'Renee Morales', 'robinbradley@edwards.info', '+201796233790', NULL, '1997-04-19'),
    (5, 'Michael Carlson', 'dcarlson@hotmail.com', '+201295310485', '184 Rodriguez Mews, South Aaron, VA 35023', '1988-08-31'),
    (6, 'Katie Rodriguez', 'ericfarmer@hotmail.com', '+201262950628', 'USS George, FPO AA 03053', '1962-03-19'),
    (7, 'Sherry Decker', 'brianhumphrey@gmail.com', '+201239670711', '82278 Joseph Well Suite 383, Raymondstad, NC 59678', '1962-11-01'),
    (8, 'Austin Smith', 'adrianzimmerman@perez.com', '+201149827706', NULL, '1983-06-05'),
    (9, 'Scott Brown', 'powellmatthew@wright.net', '201790779946', '47317 Brent. 132, Tuckerborough, MO 08186', '1965-10-21'),
    (10, 'William Baker', 'rodney87@gmail.com', '+201110053353', '98050 Breanna Parkway, North Susan, HI 09482', '1995-02-03'),
    (11, 'Scott Powell', 'harveyrobert@cunningham.com', '+201726600539', '47510 Howell Port Apt. 183, Davidstad, CA 32519', '1979-09-30'),
    (12, 'Jeffrey Daniels', 'contrerasangela@hotmail.com', '+201795285932', NULL, '1958-01-21'),
    (13, 'Jeff Hill', 'kellie42@ramos.com', NULL, '059 Russell Canyon, Michaelton, MI 28036', '2001-01-05'),
    (14, 'Brian Deleon', 'sarayoung@gmail.com', '+201585582861', NULL, '1961-12-15'),
    (15, 'Andrew Ruiz', 'ybailey@walker.com', '+201093349856', '45868 Crosby Crescent Suite 294, WY 41615', '1984-04-18'),
    (16, 'Kayla Cruz', 'bradley60@frost.com', '+201634036506', '595 Jennifer Hills, Elizabethmouth, UT 39253', '1992-04-29'),
    (17, 'Jason Bentley', 'richard04@clark-floyd.org', '+201453035110', NULL, '1986-12-07'),
    (18, 'Patricia Gibson', 'psnyder@douglas.com', NULL, '87083 Stephen Unions, Contrerasside, MD 99493', '1984-09-19'),
    (19, 'Michelle Wagner', 'juliawells@yahoo.com', '+201031994523', '734 Jones Apt. 455, East Edwardfurt, FL 93092', '1969-02-27'),
    (20, 'Jason Daniels', 'clarkrobert@hotmail.com', '+201100604502', NULL, '1987-01-22'),
    (21, 'Guy Molina', 'tracynelson@yahoo.com', '+201234760738', '627 Tina Place Apt. 699, North Dawnberg, NH 24320', '1958-01-08'),
    (22, 'Garrett Gibson', 'aramirez@yahoo.com', '+201249817734', '80531 Karen Apt. 092, East Thomas, OK 29070', '1986-03-31'),
    (23, 'Pamela Jackson', 'tamirodriguez@hickman.biz', NULL, '93149 Laura Port, West Amandastad, NY 85375', '1977-10-27'),
    (24, 'Jason Henry', 'cynthia72@yahoo.com', '+201646412689', '877 Petersen Ramp Suite 531, Nicolebury, NH 75192', '1996-02-18'),
    (25, 'Gabrielle Snyder', 'tonykelly@yahoo.com', '+201028492780', '083 John Lodge Suite 837, Westtown, LA 29546', '1982-02-13'),
    (26, 'Elizabeth Perkins', 'ronald85@yahoo.com', '+201602632297', NULL, '1967-10-23'),
    (27, 'Isaac Turner', 'brandon08@terry-martinez.info', '+201213500298', '477 Peterson Center, Shelleyfort, CA 53022', '1988-01-24'),
    (28, 'Mark Brown', 'christopher31@duran.com', '+201768820204', '7496 Carroll Apt. 334, East Johnside, GA 00851', '1982-05-26'),
    (29, 'Kirk Carter', 'jasmine71@hall.org', '+201697808098', NULL, '1963-01-23'),
    (30, 'Eric Powell', 'mkim@gmail.com', '+201753041955', '401 Suzanne Apt. 490, South April, KY 24289', '1994-06-07'),
    (31, 'Robert Costa', 'ricky51@gmail.com', NULL, '6807 Leonard Apt. 680, Gutierrezborough, MN 82110', '2006-01-28'),
    (32, 'Mr. Anthony Adams Jr.', 'fgilmore@gmail.com', '+201450455977', NULL, '1965-01-28'),
    (33, 'Dr. Jordan Hill PhD', 'stephenthomas@gmail.com', '+201236696312', 'PSC 8214, Box 6584, APO AE 37573', '2004-01-04'),
    (34, 'Kevin Duarte', 'seanwashington@yahoo.com', '+201482334538', '5339 Trail Suite 057, Hughesberg, AZ 17048', '1988-10-12'),
    (35, 'Evelyn Garcia', 'foxstephen@hotmail.com', '+201632719211', '74596 Melissa Walk, Finleyfort, ND 05206', '1996-08-14'),
    (36, 'Mark Mccall', 'hamiltoncorey@padilla.com', '+201298704996', NULL, '1982-08-22'),
    (37, 'Rebecca Jackson', 'pharvey@durham-thomas.info', '+201869119330', '0748 Charles Suite 647, Jamesfurt, NJ 14480', '1970-09-28'),
    (38, 'Ian Phillips', 'spencedominique@yahoo.com', '+201933404114', '743 Robinson Field, Ericaberg, CT 82743', '1998-08-01'),
    (39, 'Richard Johnson', 'christopherphillips@hotmail.com', NULL, NULL, '1986-06-21'),
    (40, 'Brenda Levy', 'christopher60@yahoo.com', '+201814763202', '4965 Emily Apt. 985, Lake Bryan, NH 92392', '1975-03-01'),
    (41, 'Audrey Williams', 'wendy11@clay.biz', '+201865241839', '261 Gilbert Apt. 537, Sampsonstad, TX 48648', '1991-08-26'),
    (42, 'Maria Brown', 'tammyrush@yahoo.com', '+201171432881', '900 Sanchez Crossroad, North Maria, IL 77359', '1969-04-18'),
    (43, 'Crystal Schroeder', 'michele22@king.com', '+201749621470', '95024 David Manor Apt. 177, Williamville, NY 29539', '1996-06-16'),
    (44, 'Richard Camacho', 'bschneider@gmail.com', '+201453778756', 'Unit 6617 Box 7115, DPO AP 19943', '1959-01-26'),
    (45, 'Marcus Richards', 'hvang@yahoo.com', '+201365341213', '18367 Robert Views Suite 661, Ronaldview, FL 90524', '1986-11-15'),
    (46, 'Ronald Davis', 'lisa80@frye.biz', '+201298362082', NULL, '1993-09-01'),
    (47, 'Jeffrey Hoffman', 'anthony44@bell-white.com', '+201166944844', '20183 Barnes Apt. 545, North Ericton, CO 36166', '1984-10-02'),
    (48, 'Karla Ramos', 'kariwilson@yahoo.com', '+201231191390', '403 Joyce Apt. 343, Port Jonathan, DE 01514', '1988-06-12'),
    (49, 'Casey James', 'charles06@stevens.com', '+201819795579', '641 Smith Apt. 975, South Meganbury, OR 52988', '1990-04-04'),
    (50, 'Seth Reese', 'kimberly18@wilson.com', NULL, '12432 Kathleen Shoal, East Stephaniefort, WV 74390', '2006-04-23');

INSERT INTO Accounts (AccountID, CustomerID, AccountType, Balance, Status) VALUES
    (1, 86, 'Checking', 35389.20, 'Closed'),
    (2, 83, 'Savings', 30847.42, 'Active'),
    (3, 69, 'Business', 12995.74, 'Inactive'),
    (4, 49, 'Checking', 49486.64, 'Closed'),
    (5, 89, 'Business', 11761.14, 'Inactive'),
    (6, 99, 'Savings', 12223.36, 'Active'),
    (7, 41, 'Checking', 14119.30, 'Active'),
    (8, 73, 'Business', 16419.22, 'Closed'),
    (9, 64, 'Checking', 44349.47, 'Closed'),
    (10, 59, 'Savings', 13979.13, 'Active'),
    (11, 96, 'Business', 27409.89, 'Closed'),
    (12, 75, 'Checking', 44993.32, 'Inactive'),
    (13, 47, 'Savings', 49868.96, 'Active'),
    (14, 66, 'Checking', 5454.56, 'Active'),
    (15, 15, 'Savings', 31744.86, 'Closed'),
    (16, 55, 'Business', 4112.86, 'Inactive'),
    (17, 77, 'Checking', 26926.60, 'Closed'),
    (18, 2, 'Business', 36315.37, 'Closed'),
    (19, 69, 'Checking', 38661.34, 'Inactive'),
    (20, 15, 'Checking', 22303.50, 'Inactive'),
    (21, 1, 'Business', 43916.79, 'Inactive'),
    (22, 65, 'Savings', 25876.40, 'Active'),
    (23, 81, 'Checking', 42241.80, 'Closed'),
    (24, 78, 'Savings', 8489.12, 'Active'),
    (25, 70, 'Business', 46006.18, 'Closed'),
    (26, 42, 'Checking', 1954.36, 'Inactive'),
    (27, 40, 'Savings', 3838.33, 'Closed'),
    (28, 11, 'Savings', 36863.47, 'Active'),
    (29, 98, 'Business', 38525.89, 'Active'),
    (30, 85, 'Checking', 47395.59, 'Active'),
    (31, 34, 'Business', 43749.22, 'Inactive'),
    (32, 28, 'Business', 38007.99, 'Closed'),
    (33, 26, 'Business', 16274.10, 'Closed'),
    (34, 84, 'Checking', 22466.90, 'Closed'),
    (35, 58, 'Savings', 13147.38, 'Active'),
    (36, 44, 'Savings', 29827.13, 'Active'),
    (37, 76, 'Savings', 1352.35, 'Closed'),
    (38, 81, 'Savings', 12218.15, 'Active'),
    (39, 43, 'Savings', 26193.65, 'Inactive'),
    (40, 86, 'Checking', 11497.60, 'Active'),
    (41, 93, 'Business', 29234.37, 'Active'),
    (42, 61, 'Checking', 10330.09, 'Active'),
    (43, 85, 'Checking', 18360.58, 'Inactive'),
    (44, 60, 'Business', 3654.39, 'Closed'),
    (45, 83, 'Savings', 3970.02, 'Closed'),
    (46, 44, 'Savings', 13184.16, 'Active'),
    (47, 69, 'Checking', 7868.93, 'Active'),
    (48, 36, 'Checking', 13240.52, 'Active'),
    (49, 57, 'Business', 5797.53, 'Closed'),
    (50, 70, 'Savings', 48480.82, 'Active');

INSERT INTO Transactions (TransactionID, AccountID, TransactionDate, Amount, TransactionType) VALUES
    (1, 47, '2024-12-27', 550.33, 'Payment'),
    (2, 84, '2024-08-26', 2156.02, 'Transfer'),
    (3, 87, '2024-06-20', 7624.24, 'Payment'),
    (4, 72, '2025-01-20', 7532.50, 'Payment'),
    (5, 65, '2024-08-23', 8357.36, 'Payment'),
    (6, 5, '2024-06-25', 7502.79, 'Deposit'),
    (7, 90, '2025-02-09', 2281.01, 'Deposit'),
    (8, 11, '2025-05-21', 7554.62, 'Withdrawal'),
    (9, 52, '2024-07-17', 8400.33, 'Withdrawal'),
    (10, 62, '2024-08-21', 1305.90, 'Deposit'),
    (11, 145, '2023-12-15', 9480.18, 'Payment'),
    (12, 66, '2023-10-11', 7680.64, 'Withdrawal'),
    (13, 30, '2024-10-20', 7789.03, 'Withdrawal'),
    (14, 80, '2023-08-31', 1125.58, 'Deposit'),
    (15, 80, '2025-04-17', 5779.18, 'Payment'),
    (16, 102, '2025-03-21', 9417.63, 'Withdrawal'),
    (17, 20, '2024-01-26', 5941.37, 'Withdrawal'),
    (18, 27, '2024-03-21', 6987.07, 'Transfer'),
    (19, 31, '2023-09-02', 7972.46, 'Deposit'),
    (20, 89, '2024-03-08', 5350.82, 'Transfer'),
    (21, 18, '2024-01-29', 5084.31, 'Transfer'),
    (22, 4, '2024-09-28', 8503.28, 'Payment'),
    (23, 28, '2024-03-19', 4363.56, 'Transfer'),
    (24, 118, '2023-12-16', 7087.72, 'Payment'),
    (25, 46, '2025-04-05', 7351.26, 'Transfer'),
    (26, 138, '2024-07-28', 7757.68, 'Payment'),
    (27, 112, '2024-10-20', 8266.06, 'Transfer'),
    (28, 83, '2025-03-06', 8524.55, 'Deposit'),
    (29, 72, '2025-03-30', 8822.23, 'Withdrawal'),
    (30, 119, '2025-03-24', 5720.00, 'Payment'),
    (31, 87, '2024-08-26', 335.56, 'Transfer'),
    (32, 47, '2024-10-07', 4901.12, 'Transfer'),
    (33, 67, '2024-09-07', 3436.37, 'Transfer'),
    (34, 143, '2023-11-03', 151.00, 'Withdrawal'),
    (35, 22, '2024-10-25', 2451.49, 'Payment'),
    (36, 126, '2023-11-04', 5574.00, 'Withdrawal'),
    (37, 122, '2024-03-03', 6476.73, 'Payment'),
    (38, 115, '2025-04-01', 7939.68, 'Deposit'),
    (39, 76, '2024-10-02', 2254.88, 'Withdrawal'),
    (40, 79, '2025-05-08', 6656.40, 'Transfer'),
    (41, 122, '2024-05-18', 5557.06, 'Transfer'),
    (42, 109, '2024-10-02', 9966.48, 'Transfer'),
	(43, 91, '2025-05-07', 7043.41, 'Transfer'),
	(44, 79, '2025-03-17', 2551.47, 'Deposit'),
	(45, 50, '2023-09-09', 3189.70, 'Withdrawal'),
	(46, 50, '2025-03-20', 2203.03, 'Payment'),
	(47, 71, '2025-02-16', 7259.62, 'Transfer'),
	(48, 26, '2024-07-15', 8334.65, 'Transfer'),
	(49, 59, '2024-10-05', 3640.77, 'Transfer'),
	(50, 4, '2024-01-24', 7094.78, 'Withdrawal');

INSERT INTO Loans (LoanID, CustomerID, LoanType, Amount, Status, StartDate, EndDate) VALUES
(1, 5, 'Personal Loan', 121211.27, 'Defaulted', '2021-09-22', '2023-06-29'),
(2, 96, 'Personal Loan', 219815.88, 'Active', '2025-06-16', '2030-03-19'),
(3, 82, 'Personal Loan', 224620.88, 'Defaulted', '2025-07-02', '2026-02-26'),
(4, 6, 'Car Loan', 399091.02, 'Defaulted', '2024-08-14', '2027-02-14'),
(5, 48, 'Business Loan', 77057.05, 'Pending', '2022-08-31', '2026-05-01'),
(6, 88, 'Home Loan', 89141.91, 'Active', '2024-08-15', '2028-07-13'),
(7, 49, 'Home Loan', 251345.29, 'Closed', '2024-01-23', '2025-11-08'),
(8, 60, 'Car Loan', 232487.40, 'Active', '2022-03-21', '2025-04-26'),
(9, 37, 'Home Loan', 41561.64, 'Defaulted', '2021-05-27', '2025-03-10'),
(10, 39, 'Business Loan', 346705.19, 'Pending', '2021-06-04', '2023-08-11'),
(11, 26, 'Business Loan', 427401.05, 'Active', '2024-04-07', '2026-02-01'),
(12, 49, 'Car Loan', 289531.91, 'Defaulted', '2023-08-12', '2024-03-23'),
(13, 85, 'Business Loan', 140867.79, 'Active', '2024-03-15', '2028-02-04'),
(14, 96, 'Business Loan', 417255.26, 'Defaulted', '2024-02-05', '2028-12-08'),
(15, 30, 'Car Loan', 113407.25, 'Closed', '2024-07-27', '2028-07-17'),
(16, 33, 'Home Loan', 315982.81, 'Active', '2021-01-22', '2023-04-14'),
(17, 57, 'Personal Loan', 291889.03, 'Closed', '2021-06-08', '2022-06-07'),
(18, 38, 'Car Loan', 375003.03, 'Closed', '2021-02-11', '2022-09-25'),
(19, 17, 'Car Loan', 267771.92, 'Defaulted', '2024-01-09', '2025-06-08'),
(20, 33, 'Business Loan', 483855.12, 'Defaulted', '2023-06-27', '2028-02-29'),
(21, 44, 'Personal Loan', 236824.04, 'Active', '2021-07-12', '2022-10-23'),
(22, 97, 'Home Loan', 430769.60, 'Pending', '2022-09-18', '2026-05-01'),
(23, 47, 'Personal Loan', 396387.57, 'Active', '2022-03-25', '2024-03-15'),
(24, 69, 'Personal Loan', 230119.08, 'Defaulted', '2022-03-20', '2025-12-26'),
(25, 49, 'Car Loan', 58631.32, 'Closed', '2025-02-28', '2028-04-18'),
(26, 4, 'Car Loan', 458051.67, 'Closed', '2024-05-31', '2028-07-15'),
(27, 9, 'Business Loan', 455146.88, 'Defaulted', '2021-10-16', '2025-12-03'),
(28, 53, 'Personal Loan', 74189.62, 'Active', '2024-03-09', '2026-05-21'),
(29, 64, 'Personal Loan', 53110.04, 'Closed', '2022-02-28', '2024-10-30'),
(30, 59, 'Car Loan', 336890.68, 'Pending', '2022-12-20', '2026-10-02'),
(31, 96, 'Home Loan', 443279.82, 'Active', '2024-07-14', '2027-10-09'),
(32, 79, 'Business Loan', 469831.27, 'Defaulted', '2022-09-22', '2023-05-27'),
(33, 89, 'Car Loan', 112548.49, 'Pending', '2021-03-29', '2023-01-21'),
(34, 47, 'Personal Loan', 490559.22, 'Defaulted', '2024-05-14', '2027-11-30'),
(35, 83, 'Car Loan', 34972.29, 'Defaulted', '2025-04-12', '2026-11-01'),
(36, 16, 'Business Loan', 50378.34, 'Closed', '2021-06-07', '2025-07-10'),
(37, 82, 'Personal Loan', 30036.36, 'Defaulted', '2021-01-11', '2022-11-20'),
(38, 17, 'Home Loan', 38962.03, 'Closed', '2025-03-13', '2028-12-22'),
(39, 28, 'Home Loan', 167636.98, 'Closed', '2020-09-21', '2025-08-21'),
(40, 77, 'Personal Loan', 142251.05, 'Closed', '2021-05-23', '2022-08-12'),
(41, 70, 'Car Loan', 400264.34, 'Active', '2022-08-11', '2026-10-22'),
(42, 4, 'Home Loan', 12355.86, 'Closed', '2022-01-05', '2025-10-21'),
(43, 42, 'Personal Loan', 91251.87, 'Active', '2024-01-21', '2025-04-04'),
(44, 95, 'Business Loan', 265412.34, 'Active', '2024-09-23', '2027-11-22'),
(45, 58, 'Car Loan', 259052.79, 'Active', '2024-09-10', '2027-09-20'),
(46, 65, 'Home Loan', 472980.74, 'Active', '2022-06-02', '2026-12-27'),
(47, 85, 'Car Loan', 231731.05, 'Active', '2024-01-04', '2024-11-03'),
(48, 62, 'Business Loan', 216005.44, 'Active', '2021-02-05', '2024-05-04'),
(49, 92, 'Business Loan', 41377.90, 'Active', '2021-12-31', '2024-04-18'),
(50, 78, 'Home Loan', 37512.71, 'Defaulted', '2023-10-28', '2027-10-25');

INSERT INTO LoanPayments (PaymentID, LoanID, PaymentDate, AmountPaid) VALUES
(1, 1, '2022-05-17', 5968.63),
(2, 2, '2027-05-24', 52429.48),
(3, 2, '2027-05-09', 59006.17),
(4, 2, '2025-08-28', 38292.86),
(5, 3, '2025-09-15', 45589.79),
(6, 3, '2025-12-03', 38840.03),
(7, 3, '2025-11-06', 24892.01),
(8, 4, '2025-10-20', 13052.98),
(9, 4, '2024-11-29', 15985.99),
(10, 4, '2025-10-21', 24795.73),
(11, 4, '2026-02-10', 33706.19),
(12, 4, '2026-10-14', 23898.16),
(13, 4, '2026-04-26', 20492.83),
(14, 4, '2026-11-24', 20587.37),
(15, 4, '2026-01-10', 19804.42),
(16, 4, '2024-09-25', 22684.34),
(17, 4, '2025-02-09', 19215.09),
(18, 5, '2023-10-10', 28700.39),
(19, 6, '2025-05-19', 1333.41),
(20, 6, '2027-02-02', 3667.29),
(21, 6, '2025-10-01', 2839.52),
(22, 6, '2024-10-13', 7334.05),
(23, 6, '2025-01-30', 7131.28),
(24, 6, '2027-02-27', 5284.78),
(25, 6, '2026-06-21', 5038.79),
(26, 6, '2026-02-03', 2519.04),
(27, 6, '2027-09-20', 5484.99),
(28, 6, '2027-12-19', 7891.34),
(29, 6, '2025-12-15', 4898.61),
(30, 7, '2024-12-26', 45469.43),
(31, 7, '2025-05-07', 36874.70),
(32, 7, '2025-02-23', 11129.09),
(33, 7, '2024-04-21', 39711.12),
(34, 8, '2023-11-09', 18121.31),
(35, 8, '2024-09-01', 9148.85),
(36, 8, '2023-01-10', 19191.76),
(37, 8, '2023-04-20', 6009.67),
(38, 8, '2022-05-28', 13525.25),
(39, 8, '2025-03-26', 16435.97),
(40, 8, '2024-01-27', 4840.10),
(41, 8, '2022-03-23', 10533.07),
(42, 8, '2024-06-05', 10026.72),
(43, 8, '2024-07-04', 9894.32),
(44, 9, '2024-04-27', 4558.80),
(45, 9, '2024-06-17', 8164.79),
(46, 9, '2024-07-22', 9604.33),
(47, 9, '2024-07-14', 9132.52),
(48, 10, '2022-04-06', 21152.47),
(49, 10, '2022-12-21', 20538.44),
(50, 10, '2023-04-04', 15226.51);

INSERT INTO Cards (CardID, AccountID, CardType, ExpiryDate) VALUES
(1, 1, 'Prepaid', '2029-04-27'),
(2, 2, 'Debit', '2027-01-27'),
(3, 3, 'Debit', '2026-09-15'),
(4, 4, 'Prepaid', '2029-10-02'),
(5, 5, 'Credit', '2027-10-09'),
(6, 6, 'Debit', '2027-08-23'),
(7, 7, 'Debit', '2027-07-20'),
(8, 8, 'Debit', '2027-03-12'),
(9, 9, 'Prepaid', '2029-09-25'),
(10, 10, 'Debit', '2027-01-14'),
(11, 11, 'Prepaid', '2029-06-24'),
(12, 12, 'Prepaid', '2029-10-01'),
(13, 13, 'Prepaid', '2030-05-24'),
(14, 14, 'Debit', '2028-12-02'),
(15, 15, 'Prepaid', '2026-12-21'),
(16, 16, 'Credit', '2029-02-10'),
(17, 17, 'Debit', '2028-05-24'),
(18, 18, 'Debit', '2026-09-26'),
(19, 19, 'Debit', '2026-09-23'),
(20, 20, 'Debit', '2026-12-31'),
(21, 21, 'Debit', '2027-07-13'),
(22, 22, 'Prepaid', '2027-08-04'),
(23, 23, 'Prepaid', '2028-10-01'),
(24, 24, 'Debit', '2029-02-28'),
(25, 25, 'Prepaid', '2026-09-18'),
(26, 26, 'Debit', '2028-12-26'),
(27, 27, 'Prepaid', '2027-06-12'),
(28, 28, 'Prepaid', '2029-08-24'),
(29, 29, 'Prepaid', '2029-05-13'),
(30, 30, 'Prepaid', '2029-08-01'),
(31, 31, 'Credit', '2028-12-01'),
(32, 32, 'Debit', '2028-05-20'),
(33, 33, 'Credit', '2027-07-16'),
(34, 34, 'Prepaid', '2028-07-05'),
(35, 35, 'Credit', '2029-02-08'),
(36, 36, 'Debit', '2027-10-14'),
(37, 37, 'Debit', '2030-01-16'),
(38, 38, 'Prepaid', '2030-04-19'),
(39, 39, 'Credit', '2026-08-18'),
(40, 40, 'Credit', '2029-10-29'),
(41, 41, 'Credit', '2030-01-10'),
(42, 42, 'Debit', '2027-04-13'),
(43, 43, 'Debit', '2029-07-27'),
(44, 44, 'Credit', '2028-05-25'),
(45, 45, 'Debit', '2028-01-18'),
(46, 46, 'Debit', '2027-10-13'),
(47, 47, 'Credit', '2027-04-06'),
(48, 48, 'Debit', '2027-07-08'),
(49, 49, 'Credit', '2029-11-06'),
(50, 50, 'Credit', '2028-01-12');

INSERT INTO branches (BranchID, BranchName, Location) VALUES
(1, 'Downtown Branch', '123 Main St, Cairo'),
(2, 'Midtown Branch', '45 Nile Ave, Giza'),
(3, 'Uptown Branch', '78 Tahrir Sq, Cairo'),
(4, 'Westside Branch', '22 Al-Maadi Rd'),
(5, 'Eastside Branch', '9 Nasr City Blvd'),
(6, 'Airport Branch', 'Terminal 1, Cairo'),
(7, 'Alexandria Branch', '55 Corniche, Alex'),
(8, '6th October Branch', '101 October St');

INSERT INTO Employees (EmployeeID, BranchID, FullName, Position, HireDate) VALUES
(1, 8, 'Jeffrey Hudson', 'IT Support', '2023-08-24'),
(2, 3, 'John Brooks', 'IT Support', '2023-12-20'),
(3, 3, 'Erin Kirk', 'Teller', '2018-07-06'),
(4, 7, 'Dr. Robert Welch DDS', 'Customer Service', '2024-01-07'),
(5, 10, 'Joshua Brewer', 'Loan Officer', '2019-12-08'),
(6, 8, 'David Wilcox', 'IT Support', '2018-02-22'),
(7, 7, 'Teresa Simpson', 'IT Support', '2020-09-26'),
(8, 9, 'Robert Parsons', 'Customer Service', '2017-12-28'),
(9, 10, 'David Morris', 'Branch Manager', '2020-11-24'),
(10, 3, 'Joshua Wilkinson', 'Branch Manager', '2023-08-25'),
(11, 3, 'Alex Hansen', 'Teller', '2018-03-03'),
(12, 3, 'Raymond Long', 'IT Support', '2019-12-24'),
(13, 8, 'Deanna Romero', 'Customer Service', '2022-06-09'),
(14, 8, 'Matthew Hart', 'Loan Officer', '2023-10-01'),
(15, 2, 'Gerald Walters', 'Customer Service', '2020-05-07'),
(16, 5, 'Melinda Stevens', 'IT Support', '2023-09-07'),
(17, 6, 'Heather Jones', 'Loan Officer', '2024-10-08'),
(18, 9, 'Mark Hughes', 'Teller', '2024-09-11'),
(19, 8, 'Michelle Pratt', 'Customer Service', '2018-08-20'),
(20, 2, 'Katherine Hunter', 'Teller', '2024-02-14'),
(21, 3, 'Mr. David Allen', 'Branch Manager', '2017-10-16'),
(22, 10, 'Stephanie Reed', 'Branch Manager', '2021-08-23'),
(23, 8, 'Amy Silva', 'Loan Officer', '2023-08-13'),
(24, 8, 'Timothy Franklin', 'Teller', '2018-08-02'),
(25, 10, 'Diana Diaz', 'Teller', '2018-06-29'),
(26, 3, 'Rhonda Stein', 'Branch Manager', '2022-07-13'),
(27, 8, 'Teresa Church', 'Customer Service', '2020-06-29'),
(28, 9, 'Kevin Salazar', 'Branch Manager', '2021-08-14'),
(29, 8, 'Keith Rodriguez', 'Customer Service', '2022-01-17'),
(30, 6, 'Teresa Blevins', 'IT Support', '2016-12-15'),
(31, 3, 'Richard Gilbert', 'IT Support', '2018-08-24'),
(32, 7, 'Jonathan Mahoney', 'Loan Officer', '2016-08-02'),
(33, 3, 'Shirley Moon', 'Branch Manager', '2022-05-27'),
(34, 8, 'Stephen Flores', 'Teller', '2016-11-11'),
(35, 10, 'Nicholas Owens', 'Customer Service', '2025-06-12'),
(36, 1, 'Jason Hunter', 'Loan Officer', '2016-09-29'),
(37, 4, 'Mark Robinson', 'Branch Manager', '2024-10-22'),
(38, 9, 'Elizabeth Crosby', 'Loan Officer', '2018-09-05'),
(39, 2, 'Veronica Contreras', 'Branch Manager', '2015-12-29'),
(40, 6, 'Ryan Harris', 'Branch Manager', '2022-10-30'),
(41, 7, 'Rodney Morrison', 'Customer Service', '2020-09-25'),
(42, 2, 'Cory White', 'IT Support', '2020-02-16'),
(43, 3, 'Charles Day', 'IT Support', '2021-03-27'),
(44, 1, 'Tamara Mason', 'Teller', '2016-09-24'),
(45, 8, 'Anna Ross', 'Loan Officer', '2024-10-05'),
(46, 3, 'Mark Sullivan', 'IT Support', '2025-04-29'),
(47, 6, 'Monique Zuniga', 'Teller', '2022-09-02'),
(48, 10, 'Todd Collins', 'Customer Service', '2015-09-16'),
(49, 4, 'Erica Jarvis', 'Loan Officer', '2023-05-02'),
(50, 9, 'Allen Mcintyre', 'Loan Officer', '2022-12-25');

INSERT INTO services (ServiceID, ServiceName, Description) VALUES
(1, 'Online Banking', 'Access to accounts and transactions through the internet.'),
(2, 'Mobile Banking', 'Banking services via mobile applications.'),
(3, 'Credit Card', 'Credit card issuance and management services.'),
(4, 'Loan Services', 'Loan application and repayment services.'),
(5, 'Investment Services', 'Services for investments and portfolio management.'),
(6, 'Insurance Services', 'Various insurance products offered through the bank.'),
(7, 'Foreign Exchange', 'Currency exchange and international transfers.'),
(8, 'ATM Access', 'Access to cash withdrawals and deposits through ATMs.'),
(9, 'Bill Payments', 'Utility and other bill payment services.'),
(10, 'Wealth Management', 'High-net-worth client financial management.');

INSERT INTO Customer_Services (CustomerID, ServiceID, SubscriptionDate) VALUES
(1, 4, '2023-05-22'),
(1, 9, '2022-10-15'),
(2, 10, '2023-02-09'),
(2, 9, '2024-02-29'),
(2, 5, '2023-08-14'),
(2, 8, '2025-06-01'),
(3, 1, '2024-09-06'),
(3, 4, '2022-09-24'),
(4, 3, '2024-12-11'),
(4, 9, '2024-12-09'),
(4, 4, '2023-09-11'),
(4, 8, '2024-06-17'),
(4, 10, '2023-01-10'),
(5, 9, '2022-08-11'),
(5, 7, '2024-04-25'),
(5, 1, '2023-06-07'),
(5, 10, '2024-04-22'),
(5, 2, '2023-10-07'),
(6, 6, '2024-06-22'),
(7, 10, '2023-07-04'),
(7, 3, '2024-05-20'),
(7, 9, '2022-08-13'),
(7, 4, '2024-03-26'),
(8, 7, '2023-12-28'),
(8, 4, '2024-10-31'),
(9, 10, '2023-05-19'),
(9, 9, '2023-10-02'),
(9, 6, '2024-04-21'),
(10, 9, '2022-09-30'),
(11, 1, '2024-01-06'),
(11, 8, '2024-07-28'),
(12, 3, '2024-11-28'),
(12, 6, '2024-12-17'),
(12, 7, '2023-02-12'),
(13, 8, '2024-11-04'),
(13, 6, '2023-01-29'),
(13, 9, '2024-11-02'),
(13, 3, '2024-10-11'),
(13, 1, '2022-11-05'),
(14, 4, '2022-10-26'),
(14, 2, '2025-04-23'),
(14, 8, '2025-07-22'),
(15, 1, '2024-12-25'),
(15, 2, '2022-12-02'),
(15, 7, '2023-10-18'),
(15, 3, '2022-09-14'),
(16, 5, '2023-06-26'),
(17, 10, '2025-02-03'),
(18, 3, '2023-12-30'),
(19, 2, '2025-02-05'),
(19, 5, '2022-12-24'),
(19, 7, '2023-03-24'),
(20, 3, '2023-05-29'),
(20, 10, '2025-04-25'),
(20, 6, '2023-03-20'),
(20, 1, '2024-08-30');

INSERT INTO Employees_Customers (EmployeeID, CustomerID, RelationshipType, StartDate) VALUES
(36, 43, 'Loan Officer', '2020-10-02'),
(34, 20, 'IT Support', '2024-07-20'),
(39, 67, 'Customer Service', '2020-11-02'),
(42, 13, 'Account Manager', '2022-05-15'),
(29, 98, 'Loan Officer', '2024-08-05'),
(31, 69, 'Account Manager', '2020-09-10'),
(23, 38, 'Customer Service', '2024-11-04'),
(27, 20, 'Account Manager', '2023-05-11'),
(40, 93, 'Branch Manager', '2022-06-11'),
(14, 84, 'Account Manager', '2024-07-20'),
(4, 9, 'IT Support', '2025-07-22'),
(43, 46, 'Loan Officer', '2022-11-30'),
(5, 90, 'Account Manager', '2021-03-15'),
(38, 82, 'Customer Service', '2022-07-15'),
(47, 53, 'IT Support', '2024-07-15'),
(6, 7, 'Account Manager', '2023-06-20'),
(9, 63, 'Account Manager', '2021-12-27'),
(20, 14, 'Customer Service', '2022-09-10'),
(1, 38, 'Account Manager', '2021-11-18'),
(26, 21, 'Branch Manager', '2024-12-06'),
(21, 51, 'Loan Officer', '2020-12-29'),
(33, 32, 'IT Support', '2023-01-04'),
(36, 23, 'IT Support', '2024-09-14'),
(42, 15, 'Branch Manager', '2022-09-24'),
(30, 39, 'Loan Officer', '2022-05-30'),
(24, 73, 'Customer Service', '2021-04-04'),
(35, 55, 'Account Manager', '2023-06-29'),
(39, 20, 'Customer Service', '2025-04-03'),
(17, 3, 'Account Manager', '2021-10-27'),
(23, 82, 'IT Support', '2021-12-22'),
(13, 36, 'Account Manager', '2023-10-21'),
(32, 3, 'Branch Manager', '2024-12-28'),
(23, 29, 'Loan Officer', '2021-03-22'),
(39, 55, 'Account Manager', '2021-03-03'),
(20, 93, 'IT Support', '2024-03-22'),
(50, 75, 'Account Manager', '2022-10-03'),
(47, 6, 'Loan Officer', '2022-12-23'),
(5, 98, 'IT Support', '2023-09-12'),
(35, 98, 'Customer Service', '2023-05-06'),
(10, 42, 'Branch Manager', '2022-11-01'),
(46, 48, 'Loan Officer', '2021-07-23'),
(2, 31, 'Account Manager', '2022-05-18'),
(20, 91, 'Loan Officer', '2023-12-19'),
(46, 49, 'Customer Service', '2021-07-27'),
(27, 76, 'Account Manager', '2023-04-26'),
(17, 89, 'IT Support', '2022-11-28'),
(27, 15, 'Branch Manager', '2022-08-24'),
(45, 73, 'IT Support', '2024-12-21'),
(15, 77, 'Customer Service', '2024-02-23'),
(41, 57, 'Account Manager', '2022-12-18');
